id,name,team,category,face_found,face_size_pct,original_size,notes
1,Pietro Terracciano,AC Milan,B,True,3.2,700x700,viso piccolo (figura intera)
2,Mike Maignan,AC Milan,B,True,14.3,700x700,viso piccolo (figura intera)
3,Lorenzo Torriani,AC Milan,B,True,3.1,700x700,viso piccolo (figura intera)
4,Matteo Pittarella,AC Milan,B,True,5.0,700x700,viso piccolo (figura intera)
5,David Odogu,AC Milan,B,True,12.6,700x700,viso piccolo (figura intera)
6,Zachary Athekame,AC Milan,B,True,13.5,700x700,viso piccolo (figura intera)
7,Valeri Vladimirov,AC Milan,B,True,6.8,700x700,viso piccolo (figura intera)
8,Ardon Jasari,AC Milan,B,True,6.4,700x700,viso piccolo (figura intera)
9,Emanuele Sala,AC Milan,B,True,4.4,700x700,viso piccolo (figura intera)
11,Alex Castiello,AC Milan,B,True,4.5,700x700,viso piccolo (figura intera)
12,Emanuele Borsani,AC Milan,B,True,4.4,700x700,viso piccolo (figura intera)
13,Davide Bartesaghi,AC Milan,B,True,4.5,700x700,viso piccolo (figura intera)
14,Koni De Winter,AC Milan,B,True,4.5,700x700,viso piccolo (figura intera)
15,Samuele Ricci,AC Milan,B,True,9.6,700x700,viso piccolo (figura intera)
16,Strahinja Pavlović,AC Milan,B,True,9.3,700x700,viso piccolo (figura intera)
17,Youssouf Fofana,AC Milan,B,True,1.2,700x700,viso piccolo (figura intera)
18,Santiago Giménez,AC Milan,B,True,6.7,700x700,viso piccolo (figura intera)
19,Pervis Estupiñán,AC Milan,B,True,1.4,700x700,viso piccolo (figura intera)
20,Rafael Leão,AC Milan,A,True,20.2,700x700,OK per avatar
21,Fikayo Tomori,AC Milan,B,True,5.2,700x700,viso piccolo (figura intera)
22,Alexis Saelemaekers,AC Milan,B,True,3.1,700x700,viso piccolo (figura intera)
23,Christopher Nkunku,AC Milan,B,True,3.9,700x700,viso piccolo (figura intera)
24,Ruben Loftus-Cheek,AC Milan,B,True,6.2,700x700,viso piccolo (figura intera)
25,Adrien Rabiot,AC Milan,B,True,7.7,700x700,viso piccolo (figura intera)
26,Matteo Gabbia,AC Milan,C,False,0.0,700x700,nessun viso rilevato
27,Niclas Füllkrug,AC Milan,A,True,38.6,700x700,OK per avatar
28,Christian Pulisic,AC Milan,A,True,19.7,700x700,OK per avatar
29,Luka Modrić,AC Milan,B,True,9.2,700x700,viso piccolo (figura intera)
30,Luca Lezzerini,ACF Fiorentina,B,True,2.9,700x700,viso piccolo (figura intera)
31,David De Gea,ACF Fiorentina,B,True,6.8,700x700,viso piccolo (figura intera)
32,Oliver Christensen,ACF Fiorentina,B,True,1.6,700x700,viso piccolo (figura intera)
33,Pietro Leonardelli,ACF Fiorentina,B,True,8.3,700x700,viso piccolo (figura intera)
34,Luís Balbo Vieira,ACF Fiorentina,B,True,8.0,700x700,viso piccolo (figura intera)
35,Eddy Kouadio,ACF Fiorentina,C,False,0.0,700x700,nessun viso rilevato
36,Eman Košpo,ACF Fiorentina,B,True,6.2,700x700,viso piccolo (figura intera)
37,Edoardo Sadotti,ACF Fiorentina,B,True,8.0,700x700,viso piccolo (figura intera)
38,Arnis Ademi,ACF Fiorentina,B,True,9.1,700x700,viso piccolo (figura intera)
39,Lapo Deli,ACF Fiorentina,B,True,14.4,700x700,viso piccolo (figura intera)
41,Albert Guðmundsson,ACF Fiorentina,B,True,22.8,700x700,viso non in metà superiore
42,Riccardo Braschi,ACF Fiorentina,B,True,0.2,700x700,viso piccolo (figura intera); viso non in metà superiore
43,Roberto Piccoli,ACF Fiorentina,B,True,7.5,700x700,viso piccolo (figura intera)
44,Marco Brescianini,ACF Fiorentina,B,True,8.4,700x700,viso piccolo (figura intera)
45,Nicolò Fagioli,ACF Fiorentina,B,True,7.8,700x700,viso piccolo (figura intera)
46,Manor Solomon,ACF Fiorentina,B,True,8.8,700x700,viso piccolo (figura intera)
47,Dodô,ACF Fiorentina,B,True,10.5,700x700,viso piccolo (figura intera)
48,Marin Pongračić,ACF Fiorentina,B,True,10.7,700x700,viso piccolo (figura intera)
49,Abdelhamid Sabiri,ACF Fiorentina,B,True,9.3,700x700,viso piccolo (figura intera)
50,Jack Harrison,ACF Fiorentina,B,True,2.9,700x700,viso piccolo (figura intera)
51,Rolando Mandragora,ACF Fiorentina,B,True,5.6,700x700,viso piccolo (figura intera)
52,Moise Kean,ACF Fiorentina,B,True,6.2,700x700,viso piccolo (figura intera); viso non in metà superiore
53,Daniele Rugani,ACF Fiorentina,B,True,4.7,700x700,viso piccolo (figura intera)
54,Robin Gosens,ACF Fiorentina,B,True,2.2,700x700,viso piccolo (figura intera); viso non in metà superiore
55,Luca Ranieri,ACF Fiorentina,B,True,13.7,700x700,viso piccolo (figura intera)
56,Niccolò Fortini,ACF Fiorentina,B,True,6.2,700x700,viso piccolo (figura intera)
57,Pietro Comuzzo,ACF Fiorentina,B,True,11.1,700x700,viso piccolo (figura intera)
58,Cher Ndour,ACF Fiorentina,B,True,10.6,700x700,viso piccolo (figura intera)
59,Jacopo Fazzini,ACF Fiorentina,B,True,12.9,700x700,viso piccolo (figura intera)
60,Giovanni Fabbian,ACF Fiorentina,C,False,0.0,700x700,nessun viso rilevato
61,Tariq Lamptey,ACF Fiorentina,B,True,7.1,700x700,viso piccolo (figura intera)
62,Fabiano Parisi,ACF Fiorentina,B,True,11.1,700x700,viso piccolo (figura intera)
63,Pierluigi Gollini,AS Roma,A,True,16.7,700x700,OK per avatar
64,Mile Svilar,AS Roma,B,True,4.4,700x700,viso piccolo (figura intera)
65,Radosław Żelezny,AS Roma,B,True,5.6,700x700,viso piccolo (figura intera)
66,Giorgio De Marzi,AS Roma,A,True,19.0,700x700,OK per avatar
67,Alessio Marcaccini,AS Roma,B,True,2.4,700x700,viso piccolo (figura intera)
68,Wesley,AS Roma,B,True,9.3,700x700,viso piccolo (figura intera)
69,Jan Ziółkowski,AS Roma,B,True,4.4,700x700,viso piccolo (figura intera)
70,Jacopo Mirra,AS Roma,B,True,3.9,700x700,viso piccolo (figura intera)
71,Emanuele Lulli,AS Roma,B,True,4.4,700x700,viso piccolo (figura intera)
72,Muhammed Bah,AS Roma,B,True,0.7,700x700,viso piccolo (figura intera); viso non in metà superiore
73,Mattia Della Rocca,AS Roma,B,True,7.0,700x700,viso piccolo (figura intera)
74,Paulo Dybala,AS Roma,B,True,6.6,700x700,viso piccolo (figura intera)
75,Bryan Zaragoza,AS Roma,B,True,12.7,700x700,viso piccolo (figura intera)
76,Robinio Vaz,AS Roma,A,True,25.3,700x700,OK per avatar
77,Antonio Arena,AS Roma,B,True,12.2,700x700,viso piccolo (figura intera)
78,Lorenzo Venturino,AS Roma,B,True,11.3,700x700,viso piccolo (figura intera)
79,Edoardo Morucci,AS Roma,B,True,8.0,700x700,viso piccolo (figura intera)
80,Devyne Rensch,AS Roma,B,True,4.2,700x700,viso piccolo (figura intera)
81,Evan Ferguson,AS Roma,B,True,7.4,700x700,viso piccolo (figura intera)
82,Kouadio Koné,AS Roma,B,True,1.3,700x700,viso piccolo (figura intera)
83,Mario Hermoso,AS Roma,B,True,6.8,700x700,viso piccolo (figura intera)
84,Zeki Çelik,AS Roma,A,True,19.1,700x700,OK per avatar
85,Artem Dovbyk,AS Roma,B,True,6.5,700x700,viso piccolo (figura intera)
86,Angeliño,AS Roma,B,True,10.7,700x700,viso piccolo (figura intera)
87,Donyell Malen,AS Roma,A,True,20.1,700x700,OK per avatar
88,Kostas Tsimikas,AS Roma,B,True,14.7,700x700,viso piccolo (figura intera)
89,Bryan Cristante,AS Roma,B,True,7.8,700x700,viso piccolo (figura intera)
90,Gianluca Mancini,AS Roma,B,True,2.2,700x700,viso piccolo (figura intera)
91,Stephan El Shaarawy,AS Roma,B,True,8.6,700x700,viso piccolo (figura intera)
92,Lorenzo Pellegrini,AS Roma,B,True,7.5,700x700,viso piccolo (figura intera)
93,Evan N'Dicka,AS Roma,B,True,3.9,700x700,viso piccolo (figura intera)
94,Niccolo Pisilli,AS Roma,B,True,10.9,700x700,viso piccolo (figura intera)
95,Daniele Ghilardi,AS Roma,B,True,8.7,700x700,viso piccolo (figura intera)
96,Matias Soule,AS Roma,B,True,1.1,700x700,viso piccolo (figura intera)
97,Neil El Aynaoui,AS Roma,B,True,3.1,700x700,viso piccolo (figura intera)
98,Marco Sportiello,Atalanta BC,B,True,0.9,700x700,viso piccolo (figura intera)
99,Francesco Rossi,Atalanta BC,B,True,3.2,700x700,viso piccolo (figura intera)
100,Marco Carnesecchi,Atalanta BC,B,True,9.0,700x700,viso piccolo (figura intera)
101,Lorenzo Bernasconi,Atalanta BC,B,True,3.1,700x700,viso piccolo (figura intera)
103,Éderson,Atalanta BC,B,True,13.6,700x700,viso piccolo (figura intera)
104,Giacomo Raspadori,Atalanta BC,B,True,12.8,700x700,viso piccolo (figura intera)
105,Henry Camara,Atalanta BC,B,True,0.6,700x700,viso piccolo (figura intera)
106,Honest Ahanor,Atalanta BC,A,True,21.4,700x700,OK per avatar
107,Pietro Comi,Atalanta BC,B,True,5.6,700x700,viso piccolo (figura intera)
108,Berat Djimsiti,Atalanta BC,B,True,10.1,700x700,viso piccolo (figura intera)
109,Odilon Kossounou,Atalanta BC,B,True,3.4,700x700,viso piccolo (figura intera)
110,Isak Hien,Atalanta BC,B,True,0.7,700x700,viso piccolo (figura intera)
111,Giorgio Scalvini,Atalanta BC,A,True,24.4,700x700,OK per avatar
112,Nicola Zalewski,Atalanta BC,B,True,1.3,700x700,viso piccolo (figura intera)
113,Yunus Musah,Atalanta BC,C,False,0.0,700x700,nessun viso rilevato
114,Kamal Deen Sulemana,Atalanta BC,B,True,13.6,700x700,viso piccolo (figura intera)
115,Lazar Samardzic,Atalanta BC,B,True,10.4,700x700,viso piccolo (figura intera)
116,Charles De Ketelaere,Atalanta BC,B,True,2.4,700x700,viso piccolo (figura intera)
117,Nikola Krstović,Atalanta BC,B,True,7.7,700x700,viso piccolo (figura intera)
118,Davide Zappacosta,Atalanta BC,B,True,9.0,700x700,viso piccolo (figura intera)
119,Sead Kolašinac,Atalanta BC,B,True,9.1,700x700,viso piccolo (figura intera)
120,Mitchel Bakker,Atalanta BC,B,True,7.7,700x700,viso piccolo (figura intera)
121,Mario Pašalić,Atalanta BC,B,True,5.2,700x700,viso piccolo (figura intera)
122,Gianluca Scamacca,Atalanta BC,B,True,3.6,700x700,viso piccolo (figura intera)
123,Marten de Roon,Atalanta BC,B,True,2.5,700x700,viso piccolo (figura intera)
124,Raoul Bellanova,Atalanta BC,B,True,0.9,700x700,viso piccolo (figura intera)
125,Łukasz Skorupski,Bologna FC 1909,B,True,4.2,700x700,viso piccolo (figura intera)
126,Federico Ravaglia,Bologna FC 1909,B,True,7.7,700x700,viso piccolo (figura intera)
127,Massimo Pessina,Bologna FC 1909,B,True,2.0,700x700,viso piccolo (figura intera)
128,Ukko Happonen,Bologna FC 1909,B,True,0.9,700x700,viso piccolo (figura intera)
129,Matteo Franceschelli,Bologna FC 1909,B,True,5.0,700x700,viso piccolo (figura intera)
130,Martin Vitík,Bologna FC 1909,B,True,8.7,700x700,viso piccolo (figura intera)
132,Bodin Tomašević,Bologna FC 1909,B,True,3.4,700x700,viso piccolo (figura intera); viso non in metà superiore
133,Petar Markovic,Bologna FC 1909,B,True,3.8,700x700,viso piccolo (figura intera)
134,Davide Baroncioni,Bologna FC 1909,B,True,13.2,700x700,viso piccolo (figura intera)
135,Federico Bernardeschi,Bologna FC 1909,B,True,5.8,700x700,viso piccolo (figura intera)
136,Luca Lai,Bologna FC 1909,B,True,3.9,700x700,viso piccolo (figura intera)
137,Nicolò Cambiaghi,Bologna FC 1909,B,True,1.0,700x700,viso piccolo (figura intera)
138,Simone Negri,Bologna FC 1909,B,True,9.8,700x700,viso piccolo (figura intera)
139,Francesco Castaldo,Bologna FC 1909,B,True,4.4,700x700,viso piccolo (figura intera)
140,Simon Sohm,Bologna FC 1909,B,True,1.5,700x700,viso piccolo (figura intera)
141,João Mário Lopes,Bologna FC 1909,A,True,33.6,700x700,OK per avatar
142,Nicolò Casale,Bologna FC 1909,B,True,6.4,700x700,viso piccolo (figura intera)
143,Lewis Ferguson,Bologna FC 1909,B,True,6.0,700x700,viso piccolo (figura intera)
144,Juan Miranda,Bologna FC 1909,B,True,10.0,700x700,viso piccolo (figura intera)
145,Nikola Moro,Bologna FC 1909,B,True,5.1,700x700,viso piccolo (figura intera)
146,Jhon Lucumí,Bologna FC 1909,A,True,15.2,700x700,OK per avatar
147,Torbjørn Heggem,Bologna FC 1909,B,True,12.9,700x700,viso piccolo (figura intera)
148,Thijs Dallinga,Bologna FC 1909,B,True,4.8,700x700,viso piccolo (figura intera)
149,Lorenzo De Silvestri,Bologna FC 1909,B,True,6.3,700x700,viso piccolo (figura intera)
150,Kevin Bonifazi,Bologna FC 1909,A,True,30.7,700x700,OK per avatar
151,Jens Odgaard,Bologna FC 1909,B,True,4.7,700x700,viso piccolo (figura intera)
152,Babis Lykogiannis,Bologna FC 1909,B,True,5.4,700x700,viso piccolo (figura intera)
153,Riccardo Orsolini,Bologna FC 1909,B,True,6.8,700x700,viso piccolo (figura intera)
154,Remo Freuler,Bologna FC 1909,B,True,1.5,700x700,viso piccolo (figura intera)
155,Tommaso Ravaglioli,Bologna FC 1909,B,True,13.4,700x700,viso piccolo (figura intera)
156,Benjamín Domínguez,Bologna FC 1909,B,True,7.1,700x700,viso piccolo (figura intera)
157,Jonathan Rowe,Bologna FC 1909,B,True,6.9,700x700,viso piccolo (figura intera)
158,Santiago Castro,Bologna FC 1909,B,True,12.2,700x700,viso piccolo (figura intera)
159,Nadir Zortea,Bologna FC 1909,B,True,14.9,700x700,viso piccolo (figura intera)
160,Tommaso Pobega,Bologna FC 1909,B,True,8.0,700x700,viso piccolo (figura intera)
161,Elia Caprile,Cagliari Calcio,B,True,5.0,700x700,viso piccolo (figura intera)
162,Giuseppe Ciocci,Cagliari Calcio,A,True,20.4,700x700,OK per avatar
163,Alen Sherri,Cagliari Calcio,B,True,1.5,700x700,viso piccolo (figura intera)
164,Vincenzo Sarno,Cagliari Calcio,A,True,34.0,700x700,OK per avatar
166,Andrea Cogoni,Cagliari Calcio,B,True,0.8,700x700,viso piccolo (figura intera)
168,Joseph Liteta,Cagliari Calcio,B,True,4.7,700x700,viso piccolo (figura intera)
169,Ivan Sulev,Cagliari Calcio,A,True,15.2,700x700,OK per avatar
170,Sebastiano Esposito,Cagliari Calcio,B,True,5.5,700x700,viso piccolo (figura intera)
171,Gennaro Borrelli,Cagliari Calcio,B,True,8.4,700x700,viso piccolo (figura intera)
172,Semih Kilicsoy,Cagliari Calcio,C,False,0.0,700x700,nessun viso rilevato
174,Riyad Idrissi,Cagliari Calcio,A,True,19.6,700x700,OK per avatar
175,Nicola Grandu,Cagliari Calcio,B,True,4.7,700x700,viso piccolo (figura intera)
177,Paul Mendy,Cagliari Calcio,B,True,0.6,700x700,viso piccolo (figura intera); viso non in metà superiore
178,Gabriele Zappa,Cagliari Calcio,B,True,8.2,700x700,viso piccolo (figura intera)
179,Mattia Felici,Cagliari Calcio,B,True,9.4,700x700,viso piccolo (figura intera)
180,Gianluca Gaetano,Cagliari Calcio,B,True,4.4,700x700,viso piccolo (figura intera)
181,Zé Pedro Figueiredo,Cagliari Calcio,B,True,3.9,700x700,viso piccolo (figura intera)
182,Michael Folorunsho,Cagliari Calcio,B,True,7.4,700x700,viso piccolo (figura intera)
183,Alberto Dossena,Cagliari Calcio,B,True,13.6,700x700,viso piccolo (figura intera)
184,Yerry Mina,Cagliari Calcio,A,True,21.2,700x700,OK per avatar
185,Andrea Belotti,Cagliari Calcio,B,True,11.5,700x700,viso piccolo (figura intera)
186,Luca Mazzitelli,Cagliari Calcio,B,True,0.9,700x700,viso piccolo (figura intera)
187,Marko Rog,Cagliari Calcio,B,True,5.9,700x700,viso piccolo (figura intera)
188,Leonardo Pavoletti,Cagliari Calcio,B,True,4.5,700x700,viso piccolo (figura intera)
189,Alessandro Deiola,Cagliari Calcio,C,False,0.0,700x700,nessun viso rilevato
190,Marco Palestra,Cagliari Calcio,B,True,9.8,700x700,viso piccolo (figura intera)
191,Ibrahim Sulemana,Cagliari Calcio,C,False,0.0,700x700,nessun viso rilevato
192,Michel Adopo,Cagliari Calcio,B,True,4.8,700x700,viso piccolo (figura intera)
193,Adam Obert,Cagliari Calcio,B,True,3.4,700x700,viso piccolo (figura intera)
194,Nicola Leali,Genoa CFC,A,True,19.2,700x700,OK per avatar
195,Justin Bijlow,Genoa CFC,B,True,8.2,700x700,viso piccolo (figura intera)
196,Benjamin Siegrist,Genoa CFC,B,True,3.8,700x700,viso piccolo (figura intera)
197,Daniele Sommariva,Genoa CFC,B,True,32.7,700x700,viso non in metà superiore
198,Ernestas Lysionok,Genoa CFC,B,True,3.6,700x700,viso piccolo (figura intera)
200,Nils Zätterström,Genoa CFC,B,True,3.3,700x700,viso piccolo (figura intera); viso non in metà superiore
201,Alin Kumer,Genoa CFC,A,True,18.1,700x700,OK per avatar
202,Ruslan Malinovskiy,Genoa CFC,B,True,3.6,700x700,viso piccolo (figura intera)
203,Vitinha,Genoa CFC,A,True,16.6,700x700,OK per avatar
204,Alexsandro Amorim,Genoa CFC,B,True,5.8,700x700,viso piccolo (figura intera)
206,Jeff Ekhator,Genoa CFC,B,True,0.6,700x700,viso piccolo (figura intera)
207,Alessandro Marcandalli,Genoa CFC,B,True,6.3,700x700,viso piccolo (figura intera)
208,Sebastian Otoa,Genoa CFC,A,True,16.9,700x700,OK per avatar
209,Brooke Norton-Cuffy,Genoa CFC,B,True,8.1,700x700,viso piccolo (figura intera)
210,Mikael Egill Ellertsson,Genoa CFC,B,True,8.9,700x700,viso piccolo (figura intera)
211,Tommaso Baldanzi,Genoa CFC,B,True,0.9,700x700,viso piccolo (figura intera); viso non in metà superiore
212,Patrizio Masini,Genoa CFC,A,True,17.4,700x700,OK per avatar
213,Lorenzo Colombo,Genoa CFC,B,True,9.3,700x700,viso piccolo (figura intera)
214,Jean Onana,Genoa CFC,B,True,0.7,700x700,viso piccolo (figura intera)
215,Junior Messias,Genoa CFC,B,True,6.9,700x700,viso piccolo (figura intera)
216,Leo Østigård,Genoa CFC,B,True,5.7,700x700,viso piccolo (figura intera)
217,Johan Vásquez,Genoa CFC,B,True,14.8,700x700,viso piccolo (figura intera)
218,Aaron Martín,Genoa CFC,A,True,17.3,700x700,OK per avatar
219,Morten Frendrup,Genoa CFC,B,True,3.4,700x700,viso piccolo (figura intera)
220,Maxwel Cornet,Genoa CFC,B,True,26.2,700x700,viso non in metà superiore
221,Caleb Ekuban,Genoa CFC,B,True,0.9,700x700,viso piccolo (figura intera)
222,Stefano Sabelli,Genoa CFC,B,True,2.0,700x700,viso piccolo (figura intera)
223,Raffaele Di Gennaro,FC Internazionale Milano,B,True,0.9,700x700,viso piccolo (figura intera)
224,Yann Sommer,FC Internazionale Milano,B,True,4.6,700x700,viso piccolo (figura intera)
225,Josep Martinez,FC Internazionale Milano,B,True,2.8,700x700,viso piccolo (figura intera)
226,Alessandro Calligaris,FC Internazionale Milano,B,True,7.0,700x700,viso piccolo (figura intera)
227,Alain Taho,FC Internazionale Milano,B,True,10.9,700x700,viso piccolo (figura intera)
228,Carlos Augusto Lobaton,FC Internazionale Milano,A,True,56.0,700x700,OK per avatar
229,Simone Cinquegrano,FC Internazionale Milano,B,True,3.9,700x700,viso piccolo (figura intera)
230,Christos Alexiou,FC Internazionale Milano,B,True,5.8,700x700,viso piccolo (figura intera)
231,Gabriele Re Cecconi,FC Internazionale Milano,B,True,2.4,700x700,viso piccolo (figura intera)
232,Matteo Cocchi,FC Internazionale Milano,B,True,5.0,700x700,viso piccolo (figura intera)
233,Yvan Maye,FC Internazionale Milano,B,True,2.6,700x700,viso piccolo (figura intera)
234,Petar Sucic,FC Internazionale Milano,B,True,5.8,700x700,viso piccolo (figura intera)
235,Luka Topalović,FC Internazionale Milano,B,True,9.2,700x700,viso piccolo (figura intera)
237,Leonardo Bovo,FC Internazionale Milano,B,True,4.7,700x700,viso piccolo (figura intera)
238,Francesco Esposito,FC Internazionale Milano,B,True,1.9,700x700,viso piccolo (figura intera)
239,Matteo Spinaccè,FC Internazionale Milano,B,True,5.0,700x700,viso piccolo (figura intera)
240,Matteo Lavelli,FC Internazionale Milano,B,True,5.0,700x700,viso piccolo (figura intera)
241,Mattia Mosconi,FC Internazionale Milano,B,True,1.5,700x700,viso piccolo (figura intera)
242,Ange-Yoan Bonny,FC Internazionale Milano,B,True,8.1,700x700,viso piccolo (figura intera)
243,Luis Henrique,FC Internazionale Milano,B,True,10.5,700x700,viso piccolo (figura intera)
244,Federico Dimarco,FC Internazionale Milano,B,True,3.7,700x700,viso piccolo (figura intera)
245,Marcus Thuram-Ulien,FC Internazionale Milano,B,True,9.2,700x700,viso piccolo (figura intera)
246,Matteo Darmian,FC Internazionale Milano,B,True,5.0,700x700,viso piccolo (figura intera)
247,Henrikh Mkhitaryan,FC Internazionale Milano,B,True,5.1,700x700,viso piccolo (figura intera)
248,Denzel Dumfries,FC Internazionale Milano,A,True,19.9,700x700,OK per avatar
249,Lautaro Martínez,FC Internazionale Milano,B,True,12.9,700x700,viso piccolo (figura intera)
250,Davide Frattesi,FC Internazionale Milano,B,True,14.0,700x700,viso piccolo (figura intera)
251,Francesco Acerbi,FC Internazionale Milano,B,True,8.6,700x700,viso piccolo (figura intera)
252,Piotr Zieliński,FC Internazionale Milano,B,True,3.9,700x700,viso piccolo (figura intera)
253,Stefan de Vrij,FC Internazionale Milano,B,True,2.0,700x700,viso piccolo (figura intera)
254,Nicolò Barella,FC Internazionale Milano,B,True,3.8,700x700,viso piccolo (figura intera)
255,Alessandro Bastoni,FC Internazionale Milano,B,True,4.4,700x700,viso piccolo (figura intera)
256,Hakan Çalhanoğlu,FC Internazionale Milano,B,True,14.7,700x700,viso piccolo (figura intera)
257,Yann Aurel Bisseck,FC Internazionale Milano,B,True,4.4,700x700,viso piccolo (figura intera)
258,Manuel Akanji,FC Internazionale Milano,B,True,7.4,700x700,viso piccolo (figura intera)
260,Iwo Kaczmarski,FC Internazionale Milano,B,True,7.6,700x700,viso piccolo (figura intera)
261,Andy Diouf,FC Internazionale Milano,B,True,5.1,700x700,viso piccolo (figura intera)
262,Mattia Perin,Juventus FC,B,True,5.8,700x700,viso piccolo (figura intera)
263,Carlo Pinsoglio,Juventus FC,B,True,3.0,700x700,viso piccolo (figura intera)
264,Michele Di Gregorio,Juventus FC,B,True,4.1,700x700,viso piccolo (figura intera)
265,Simone Scaglia,Juventus FC,B,True,5.5,700x700,viso piccolo (figura intera)
266,Matteo Fuscaldo,Juventus FC,B,True,5.0,700x700,viso piccolo (figura intera)
267,Stefano Mangiapoco,Juventus FC,B,True,7.9,700x700,viso piccolo (figura intera)
268,Raffaele Huli,Juventus FC,B,True,0.9,700x700,viso piccolo (figura intera)
269,Niccolò Rizzo,Juventus FC,B,True,1.1,700x700,viso piccolo (figura intera)
271,Lorenzo Anghelè,Juventus FC,A,True,17.5,700x700,OK per avatar
272,Khéphren Thuram-Ulie,Juventus FC,B,True,9.2,700x700,viso piccolo (figura intera)
273,Dušan Vlahović,Juventus FC,B,True,2.9,700x700,viso piccolo (figura intera)
274,Loïs Openda,Juventus FC,B,True,3.1,700x700,viso piccolo (figura intera)
275,Edon Zhegrova,Juventus FC,B,True,18.0,700x700,viso non in metà superiore
276,Jonathan David,Juventus FC,B,True,2.5,700x700,viso piccolo (figura intera); viso non in metà superiore
277,Teun Koopmeiners,Juventus FC,B,True,9.6,700x700,viso piccolo (figura intera)
278,Weston McKennie,Juventus FC,B,True,6.4,700x700,viso piccolo (figura intera)
279,Lloyd Kelly,Juventus FC,B,True,5.6,700x700,viso piccolo (figura intera)
280,Jérémie Boga,Juventus FC,A,True,19.7,700x700,OK per avatar
281,Filip Kostić,Juventus FC,B,True,10.2,700x700,viso piccolo (figura intera)
282,Arkadiusz Milik,Juventus FC,B,True,4.1,700x700,viso piccolo (figura intera)
283,Manuel Locatelli,Juventus FC,B,True,5.8,700x700,viso piccolo (figura intera)
284,Bremer,Juventus FC,B,True,11.8,700x700,viso piccolo (figura intera)
285,Kenan Yıldız,Juventus FC,A,True,27.6,700x700,OK per avatar
286,Vasilije Adzic,Juventus FC,A,True,19.1,700x700,OK per avatar
287,Fabio Miretti,Juventus FC,B,True,9.0,700x700,viso piccolo (figura intera)
288,Federico Gatti,Juventus FC,B,True,2.4,700x700,viso piccolo (figura intera)
289,Francisco Conceição,Juventus FC,B,True,14.7,700x700,viso piccolo (figura intera)
290,Pierre Kalulu,Juventus FC,B,True,6.2,700x700,viso piccolo (figura intera)
291,Andrea Cambiaso,Juventus FC,B,True,48.2,700x700,viso non in metà superiore
292,Juan Cabal,Juventus FC,A,True,15.7,700x700,OK per avatar
293,Emil Holm,Juventus FC,B,True,11.1,700x700,viso piccolo (figura intera)
294,Ivan Provedel,SS Lazio,B,True,1.9,700x700,viso piccolo (figura intera)
295,Alessio Furlanetto,SS Lazio,B,True,6.0,700x700,viso piccolo (figura intera)
296,Edoardo Motta,SS Lazio,B,True,3.6,700x700,viso piccolo (figura intera)
297,Adrian Przyborek,SS Lazio,B,True,10.0,700x700,viso piccolo (figura intera)
298,Valerio Farcomeni,SS Lazio,B,True,9.3,700x700,viso piccolo (figura intera)
299,Petar Ratkov,SS Lazio,B,True,12.7,700x700,viso piccolo (figura intera)
300,Federico Serra,SS Lazio,A,True,15.2,700x700,OK per avatar
301,Boulaye Dia,SS Lazio,C,False,0.0,700x700,nessun viso rilevato
302,Kenneth Taylor,SS Lazio,B,True,2.7,700x700,viso piccolo (figura intera)
303,Nuno Tavares,SS Lazio,A,True,21.7,700x700,OK per avatar
304,Toma Bašić,SS Lazio,B,True,9.9,700x700,viso piccolo (figura intera)
305,Samuel Gigot,SS Lazio,B,True,4.2,700x700,viso piccolo (figura intera); viso non in metà superiore
306,Pedro,SS Lazio,B,True,2.2,700x700,viso piccolo (figura intera)
307,Manuel Lazzari,SS Lazio,B,True,4.7,700x700,viso piccolo (figura intera)
308,Danilo Cataldi,SS Lazio,B,True,2.4,700x700,viso piccolo (figura intera)
309,Mattia Zaccagni,SS Lazio,B,True,2.0,700x700,viso piccolo (figura intera)
310,Elseid Hysaj,SS Lazio,B,True,9.3,700x700,viso piccolo (figura intera)
311,Adam Marušić,SS Lazio,B,True,8.2,700x700,viso piccolo (figura intera)
312,Patric,SS Lazio,B,True,3.3,700x700,viso piccolo (figura intera)
313,Luca Pellegrini,SS Lazio,B,True,10.0,700x700,viso piccolo (figura intera)
314,Alessio Romagnoli,SS Lazio,B,True,2.4,700x700,viso piccolo (figura intera)
315,Saná Fernandes,SS Lazio,B,True,1.5,700x700,viso piccolo (figura intera)
316,Oliver Nielsen,SS Lazio,B,True,5.0,700x700,viso piccolo (figura intera); viso non in metà superiore
317,Reda Belahyane,SS Lazio,B,True,3.6,700x700,viso piccolo (figura intera)
318,Gila,SS Lazio,B,True,0.6,700x700,viso piccolo (figura intera)
319,Tijjani Noslin,SS Lazio,C,False,0.0,700x700,nessun viso rilevato
320,Matteo Cancellieri,SS Lazio,B,True,9.6,700x700,viso piccolo (figura intera)
321,Fisayo Dele-Bashiru,SS Lazio,A,True,17.5,700x700,OK per avatar
322,Daniel Maldini,SS Lazio,B,True,3.2,700x700,viso piccolo (figura intera)
323,Gustav Isaksen,SS Lazio,B,True,4.0,700x700,viso piccolo (figura intera)
324,Nicolò Rovella,SS Lazio,B,True,2.7,700x700,viso piccolo (figura intera)
325,Vicente Guaita,Parma Calcio 1913,B,True,1.8,700x700,viso piccolo (figura intera)
326,Zion Suzuki,Parma Calcio 1913,B,True,0.6,700x700,viso piccolo (figura intera)
327,Edoardo Corvi,Parma Calcio 1913,B,True,4.4,700x700,viso piccolo (figura intera)
328,Filippo Rinaldi,Parma Calcio 1913,A,True,26.4,700x700,OK per avatar
329,Gianluca Astaldi,Parma Calcio 1913,B,True,6.0,500x500,viso piccolo (figura intera)
330,Gabriele Casentini,Parma Calcio 1913,B,True,2.4,700x700,viso piccolo (figura intera)
331,Mariano Troilo,Parma Calcio 1913,B,True,4.6,700x700,viso piccolo (figura intera)
332,Sascha Britschgi,Parma Calcio 1913,B,True,5.9,700x700,viso piccolo (figura intera)
333,Roberto D'Intino,Parma Calcio 1913,B,True,3.1,700x700,viso piccolo (figura intera); viso non in metà superiore
334,Bernardo Conde,Parma Calcio 1913,B,True,8.2,700x700,viso piccolo (figura intera)
335,Dominik Drobnič,Parma Calcio 1913,B,True,8.7,700x700,viso piccolo (figura intera)
336,Oliver Sørensen,Parma Calcio 1913,B,True,4.4,700x700,viso piccolo (figura intera)
337,Christian Ordonez,Parma Calcio 1913,B,True,3.1,700x700,viso piccolo (figura intera)
338,Benjamin Cremaschi,Parma Calcio 1913,B,True,3.9,700x700,viso piccolo (figura intera)
339,Alessandro Ciardi,Parma Calcio 1913,B,True,5.4,700x700,viso piccolo (figura intera)
340,Elia Plicco,Parma Calcio 1913,B,True,4.1,700x700,viso piccolo (figura intera)
341,Abdou-Salam Konate,Parma Calcio 1913,B,True,14.1,700x700,viso piccolo (figura intera)
342,Edoardo Tigani,Parma Calcio 1913,B,True,8.0,700x700,viso piccolo (figura intera)
343,Matija Frigan,Parma Calcio 1913,B,True,6.5,700x700,viso piccolo (figura intera)
344,Alessandro Cardinali,Parma Calcio 1913,B,True,5.4,700x700,viso piccolo (figura intera)
345,Alessandro Circati,Parma Calcio 1913,B,True,6.6,700x700,viso piccolo (figura intera)
346,Gabriel Strefezza,Parma Calcio 1913,A,True,17.2,700x700,OK per avatar
347,Gaetano Oristanio,Parma Calcio 1913,A,True,23.3,700x700,OK per avatar
348,Mandela Keita,Parma Calcio 1913,B,True,4.0,700x700,viso piccolo (figura intera)
349,Mateo Pellegrino,Parma Calcio 1913,B,True,4.2,700x700,viso piccolo (figura intera)
350,Franco Carboni,Parma Calcio 1913,B,True,6.5,700x700,viso piccolo (figura intera)
351,Jacob Ondrejka,Parma Calcio 1913,B,True,8.2,700x700,viso piccolo (figura intera)
352,Hans Nicolussi Caviglia,Parma Calcio 1913,B,True,6.6,700x700,viso piccolo (figura intera)
353,Lautaro Valenti,Parma Calcio 1913,B,True,7.8,700x700,viso piccolo (figura intera)
354,Adrián Bernabé,Parma Calcio 1913,B,True,3.5,700x700,viso piccolo (figura intera)
355,Nahuel Estévez,Parma Calcio 1913,B,True,3.5,700x700,viso piccolo (figura intera)
356,Emanuele Valeri,Parma Calcio 1913,B,True,6.8,700x700,viso piccolo (figura intera)
357,Pontus Almqvist,Parma Calcio 1913,B,True,5.8,700x700,viso piccolo (figura intera)
358,Enrico Del Prato,Parma Calcio 1913,B,True,6.8,700x700,viso piccolo (figura intera)
359,Daniel Mikołajewski,Parma Calcio 1913,A,True,16.2,700x700,OK per avatar
360,Abdoulaye N'Diaye,Parma Calcio 1913,B,True,0.7,700x700,viso piccolo (figura intera)
361,Nesta Elphege,Parma Calcio 1913,B,True,4.4,700x700,viso piccolo (figura intera)
363,Alex Meret,SSC Napoli,B,True,5.9,700x700,viso piccolo (figura intera)
364,Nikita Contini Baranovsky,SSC Napoli,B,True,0.8,700x700,viso piccolo (figura intera)
365,Mathias Ferrante,SSC Napoli,B,True,2.2,700x700,viso piccolo (figura intera)
366,David Spinelli,SSC Napoli,B,True,5.9,700x700,viso piccolo (figura intera)
367,Christian Garofalo,SSC Napoli,B,True,7.1,700x700,viso piccolo (figura intera)
368,Antonio Vergara,SSC Napoli,B,True,7.4,700x700,viso piccolo (figura intera)
369,Alisson Santos,SSC Napoli,A,True,27.9,700x700,OK per avatar
370,Francisco Baridó,SSC Napoli,B,True,5.5,700x700,viso piccolo (figura intera)
371,Emmanuele De Chiara,SSC Napoli,B,True,6.0,700x700,viso piccolo (figura intera)
372,Vincenzo Prisco,SSC Napoli,A,True,34.0,700x700,OK per avatar
373,Giovane Nascimento,SSC Napoli,A,True,21.7,700x700,OK per avatar
374,Mathías Olivera,SSC Napoli,B,True,10.8,700x700,viso piccolo (figura intera)
375,Eljif Elmas,SSC Napoli,B,True,10.2,700x700,viso piccolo (figura intera)
376,Amir Rrahmani,SSC Napoli,B,True,6.1,700x700,viso piccolo (figura intera)
377,André Zambo Anguissa,SSC Napoli,B,True,1.9,700x700,viso piccolo (figura intera)
378,Scott McTominay,SSC Napoli,B,True,2.2,700x700,viso piccolo (figura intera)
379,David Neres,SSC Napoli,B,True,7.4,700x700,viso piccolo (figura intera)
380,Romelu Lukaku,SSC Napoli,B,True,0.7,700x700,viso piccolo (figura intera); viso non in metà superiore
381,Kevin De Bruyne,SSC Napoli,B,True,46.6,700x700,viso non in metà superiore
382,Giovanni Di Lorenzo,SSC Napoli,B,True,3.3,700x700,viso piccolo (figura intera)
383,Pasquale Mazzocchi,SSC Napoli,B,True,13.5,700x700,viso piccolo (figura intera)
384,Alessandro Buongiorno,SSC Napoli,A,True,15.7,700x700,OK per avatar
385,Matteo Politano,SSC Napoli,B,True,8.1,700x700,viso piccolo (figura intera)
386,Leonardo Spinazzola,SSC Napoli,B,True,7.5,700x700,viso piccolo (figura intera)
387,Juan Jesus,SSC Napoli,B,True,8.9,700x700,viso piccolo (figura intera)
388,Rasmus Højlund,SSC Napoli,C,False,0.0,700x700,nessun viso rilevato
389,Miguel Gutiérrez,SSC Napoli,B,True,9.9,700x700,viso piccolo (figura intera)
390,Billy Gilmour,SSC Napoli,B,True,11.6,700x700,viso piccolo (figura intera)
391,Sam Beukema,SSC Napoli,B,True,5.9,700x700,viso piccolo (figura intera)
392,Stanislav Lobotka,SSC Napoli,B,True,5.6,700x700,viso piccolo (figura intera)
393,Daniele Padelli,Udinese Calcio,B,True,2.4,700x700,viso piccolo (figura intera)
394,Maduka Okoye,Udinese Calcio,B,True,5.4,700x700,viso piccolo (figura intera)
395,Razvan Sava,Udinese Calcio,B,True,11.8,700x700,viso piccolo (figura intera)
396,Alessandro Nunziante,Udinese Calcio,B,True,2.7,700x700,viso piccolo (figura intera)
397,Nicolo Bertola,Udinese Calcio,B,True,7.9,700x700,viso piccolo (figura intera)
398,Branimir Mlacic,Udinese Calcio,A,True,26.0,700x700,OK per avatar
399,Jakub Piotrowski,Udinese Calcio,B,True,7.1,700x700,viso piccolo (figura intera)
400,Lennon Miller,Udinese Calcio,B,True,12.9,700x700,viso piccolo (figura intera)
402,Abdoulaye Camara,Udinese Calcio,B,True,1.5,700x700,viso piccolo (figura intera)
403,Adam Buksa,Udinese Calcio,B,True,8.2,700x700,viso piccolo (figura intera)
404,Idrissa Guèye,Udinese Calcio,B,True,9.4,700x700,viso piccolo (figura intera)
405,Giulio Vinciati,Udinese Calcio,A,True,25.3,700x700,OK per avatar
406,Arthur Atta,Udinese Calcio,B,True,5.5,700x700,viso piccolo (figura intera)
408,Oier Zarraga,Udinese Calcio,B,True,5.6,700x700,viso piccolo (figura intera)
409,Jordan Zemura,Udinese Calcio,A,True,38.4,700x700,OK per avatar
410,Vakoun Issouf Bayo,Udinese Calcio,B,True,5.2,700x700,viso piccolo (figura intera)
411,Jesper Karlström,Udinese Calcio,B,True,5.4,700x700,viso piccolo (figura intera)
412,Oumar Solet,Udinese Calcio,B,True,13.9,700x700,viso piccolo (figura intera)
413,Christian Kabasele,Udinese Calcio,B,True,3.4,700x700,viso piccolo (figura intera); viso non in metà superiore
414,Kingsley Ehizibue,Udinese Calcio,B,True,6.2,700x700,viso piccolo (figura intera)
415,Jurgen Ekkelenkamp,Udinese Calcio,B,True,5.1,700x700,viso piccolo (figura intera)
416,Keinan Davis,Udinese Calcio,B,True,0.4,700x700,viso piccolo (figura intera)
417,Alessandro Zanoli,Udinese Calcio,C,False,0.0,700x700,nessun viso rilevato
418,Nicolò Zaniolo,Udinese Calcio,B,True,3.1,700x700,viso piccolo (figura intera)
419,Hassane Kamara,Udinese Calcio,B,True,2.1,700x700,viso piccolo (figura intera)
420,Lorenzo Montipò,Hellas Verona FC,B,True,10.2,700x700,viso piccolo (figura intera)
421,Simone Perilli,Hellas Verona FC,B,True,2.6,700x700,viso piccolo (figura intera)
422,Mattia Chiesa,Hellas Verona FC,B,True,2.2,700x700,viso piccolo (figura intera)
423,Giacomo Toniolo,Hellas Verona FC,B,True,4.7,700x700,viso piccolo (figura intera)
424,Mirko Castagnini,Hellas Verona FC,B,True,1.9,700x700,viso piccolo (figura intera)
425,Arthur Rampineli,Hellas Verona FC,A,True,19.1,700x700,OK per avatar
426,Rafik Belghali,Hellas Verona FC,B,True,5.0,700x700,viso piccolo (figura intera)
427,William Feola,Hellas Verona FC,A,True,50.0,700x700,OK per avatar
428,Fallou Cham,Hellas Verona FC,B,True,3.2,700x700,viso piccolo (figura intera)
429,Andrej Popović,Hellas Verona FC,B,True,3.2,700x700,viso piccolo (figura intera)
430,Kieron Bowie,Hellas Verona FC,B,True,10.2,700x700,viso piccolo (figura intera)
431,Ali Al Musrati,Hellas Verona FC,B,True,3.9,700x700,viso piccolo (figura intera)
432,Andrias Edmundsson,Hellas Verona FC,B,True,7.1,700x700,viso piccolo (figura intera)
433,Jean-Daniel Akpa-Akpro,Hellas Verona FC,B,True,5.6,700x700,viso piccolo (figura intera)
434,Davide De Battisti,Hellas Verona FC,B,True,13.2,700x700,viso piccolo (figura intera)
435,Luca Szimionaș,Hellas Verona FC,B,True,4.5,700x700,viso piccolo (figura intera); viso non in metà superiore
436,Isaac Aguiar,Hellas Verona FC,B,True,0.8,700x700,viso piccolo (figura intera); viso non in metà superiore
439,Daniel Oyegoke,Hellas Verona FC,B,True,5.3,700x700,viso piccolo (figura intera)
440,Nicolas Valentini,Hellas Verona FC,B,True,2.3,700x700,viso piccolo (figura intera)
441,Tomáš Suslov,Hellas Verona FC,B,True,5.2,700x700,viso piccolo (figura intera)
442,Amin Sarr,Hellas Verona FC,B,True,1.0,700x700,viso piccolo (figura intera)
443,Armel Bella Kotchap,Hellas Verona FC,B,True,0.6,700x700,viso piccolo (figura intera); viso non in metà superiore
444,Cheikh Niasse,Hellas Verona FC,B,True,5.1,700x700,viso piccolo (figura intera)
445,Domagoj Bradarić,Hellas Verona FC,B,True,5.5,700x700,viso piccolo (figura intera)
446,Martin Frese,Hellas Verona FC,B,True,3.9,700x700,viso piccolo (figura intera)
447,Victor Nelsson,Hellas Verona FC,B,True,4.4,700x700,viso piccolo (figura intera)
448,Sandi Lovric,Hellas Verona FC,B,True,2.9,700x700,viso piccolo (figura intera)
449,Antoine Bernede,Hellas Verona FC,A,True,25.4,700x700,OK per avatar
450,Abdou Harroui,Hellas Verona FC,A,True,67.5,700x700,OK per avatar
451,Suat Serdar,Hellas Verona FC,B,True,10.0,700x700,viso piccolo (figura intera)
452,Pol Mikel Lirola,Hellas Verona FC,B,True,1.6,700x700,viso piccolo (figura intera)
453,Roberto Gagliardini,Hellas Verona FC,B,True,5.5,700x700,viso piccolo (figura intera); viso non in metà superiore
454,Junior Ajayi,Hellas Verona FC,B,True,5.6,700x700,viso piccolo (figura intera)
456,Gift Orban,Hellas Verona FC,B,True,4.7,700x700,viso piccolo (figura intera)
457,Tobias Slotsager,Hellas Verona FC,B,True,0.7,700x700,viso piccolo (figura intera)
458,Daniel Mosquera,Hellas Verona FC,B,True,2.8,700x700,viso piccolo (figura intera)
459,Marco Silvestri,US Cremonese,A,True,29.5,700x700,OK per avatar
460,Emil Audero,US Cremonese,B,True,10.4,700x700,viso piccolo (figura intera)
461,Lapo Nava,US Cremonese,B,True,14.4,700x700,viso piccolo (figura intera)
462,Adrián Malovec,US Cremonese,B,True,10.0,700x700,viso piccolo (figura intera)
463,Matteo Bianchetti,US Cremonese,B,True,8.8,700x700,viso piccolo (figura intera)
464,Tommaso Barbieri,US Cremonese,B,True,7.4,700x700,viso piccolo (figura intera)
465,Romano Floriani,US Cremonese,B,True,8.3,700x700,viso piccolo (figura intera)
466,Francesco Folino,US Cremonese,B,True,6.7,700x700,viso piccolo (figura intera)
467,Jari Vandeputte,US Cremonese,B,True,7.3,700x700,viso piccolo (figura intera)
468,Michele Collocolo,US Cremonese,B,True,3.7,700x700,viso piccolo (figura intera)
469,Adrian Lickūnas,US Cremonese,B,True,10.0,700x700,viso piccolo (figura intera)
470,Davide Pavesi,US Cremonese,B,True,13.2,700x700,viso piccolo (figura intera)
471,Mikayil Faye,US Cremonese,B,True,8.5,700x700,viso piccolo (figura intera)
472,Warren Bondo,US Cremonese,B,True,0.7,700x700,viso piccolo (figura intera); viso non in metà superiore
473,Filippo Terracciano,US Cremonese,B,True,3.2,700x700,viso piccolo (figura intera)
474,Faris Moumbagna,US Cremonese,B,True,9.0,700x700,viso piccolo (figura intera)
475,Federico Baschirotto,US Cremonese,B,True,9.6,700x700,viso piccolo (figura intera)
476,Youssef Maleh,US Cremonese,A,True,15.5,700x700,OK per avatar
477,Martín Payero,US Cremonese,B,True,7.9,700x700,viso piccolo (figura intera)
478,David Okereke,US Cremonese,B,True,4.2,700x700,viso piccolo (figura intera)
479,Morten Thorsby,US Cremonese,B,True,9.1,700x700,viso piccolo (figura intera)
480,Milan Đurić,US Cremonese,B,True,13.2,700x700,viso piccolo (figura intera)
481,Jamie Vardy,US Cremonese,B,True,1.1,700x700,viso piccolo (figura intera); viso non in metà superiore
482,Sebastiano Luperto,US Cremonese,B,True,9.3,700x700,viso piccolo (figura intera)
483,Federico Bonazzoli,US Cremonese,B,True,8.9,700x700,viso piccolo (figura intera)
484,Alberto Grassi,US Cremonese,B,True,5.5,700x700,viso piccolo (figura intera)
485,Federico Ceccherini,US Cremonese,B,True,2.7,700x700,viso piccolo (figura intera)
486,Giuseppe Pezzella,US Cremonese,B,True,2.0,700x700,viso piccolo (figura intera)
487,Alessio Zerbin,US Cremonese,B,True,10.1,700x700,viso piccolo (figura intera)
488,Antonio Sanabria,US Cremonese,A,True,26.2,700x700,OK per avatar
489,Giacomo Satalino,US Sassuolo Calcio,B,True,13.7,700x700,viso piccolo (figura intera)
490,Stefano Turati,US Sassuolo Calcio,B,True,4.3,700x700,viso piccolo (figura intera)
491,Arijanet Muric,US Sassuolo Calcio,B,True,4.4,700x700,viso piccolo (figura intera)
494,Filippo Romagna,US Sassuolo Calcio,B,True,11.3,700x700,viso piccolo (figura intera)
495,Edoardo Pieragnolo,US Sassuolo Calcio,B,True,6.9,700x700,viso piccolo (figura intera)
496,Pedro Felipe,US Sassuolo Calcio,B,True,41.5,500x500,viso non in metà superiore
497,Tommaso Macchioni,US Sassuolo Calcio,B,True,13.4,700x700,viso piccolo (figura intera)
498,Luca Barani,US Sassuolo Calcio,B,True,4.5,700x700,viso piccolo (figura intera); viso non in metà superiore
499,Edoardo Iannoni,US Sassuolo Calcio,A,True,21.3,700x700,OK per avatar
500,Ismael Kone,US Sassuolo Calcio,B,True,0.8,700x700,viso piccolo (figura intera)
501,Cristian Volpato,US Sassuolo Calcio,B,True,5.4,700x700,viso piccolo (figura intera)
502,Christian Frangella,US Sassuolo Calcio,B,True,7.1,700x700,viso piccolo (figura intera)
503,Luca Moro,US Sassuolo Calcio,B,True,4.2,700x700,viso piccolo (figura intera)
504,M'Bala Nzola,US Sassuolo Calcio,B,True,4.2,700x700,viso piccolo (figura intera)
505,Josh Doig,US Sassuolo Calcio,B,True,6.8,700x700,viso piccolo (figura intera)
506,Aster Vranckx,US Sassuolo Calcio,B,True,1.3,700x700,viso piccolo (figura intera); viso non in metà superiore
507,Fali Candé,US Sassuolo Calcio,B,True,10.1,700x700,viso piccolo (figura intera)
508,Sebastian Walukiewicz,US Sassuolo Calcio,B,True,11.5,700x700,viso piccolo (figura intera)
509,Jay Idzes,US Sassuolo Calcio,B,True,6.8,700x700,viso piccolo (figura intera)
510,Kristian Thorstvedt,US Sassuolo Calcio,B,True,10.6,700x700,viso piccolo (figura intera)
511,Armand Lauriente,US Sassuolo Calcio,B,True,7.8,700x700,viso piccolo (figura intera)
512,Nemanja Matić,US Sassuolo Calcio,B,True,7.6,700x700,viso piccolo (figura intera)
513,Domenico Berardi,US Sassuolo Calcio,B,True,2.3,700x700,viso piccolo (figura intera)
514,Andrea Pinamonti,US Sassuolo Calcio,B,True,4.9,700x700,viso piccolo (figura intera)
515,Ulisses Garcia,US Sassuolo Calcio,B,True,2.0,700x700,viso piccolo (figura intera)
516,Darryl Bakola,US Sassuolo Calcio,B,True,3.4,700x700,viso piccolo (figura intera)
517,Alieu Fadera,US Sassuolo Calcio,B,True,7.2,700x700,viso piccolo (figura intera)
518,Luca Lipani,US Sassuolo Calcio,B,True,14.5,700x700,viso piccolo (figura intera)
519,Tarik Muharemović,US Sassuolo Calcio,B,True,6.8,700x700,viso piccolo (figura intera)
520,Daniel Boloca,US Sassuolo Calcio,B,True,11.9,700x700,viso piccolo (figura intera)
521,Woyo Coulibaly,US Sassuolo Calcio,A,True,17.8,700x700,OK per avatar
522,Simone Scuffet,AC Pisa 1909,B,True,2.6,700x700,viso piccolo (figura intera)
523,Nicolas,AC Pisa 1909,B,True,7.3,700x700,viso piccolo (figura intera)
524,Adrian Šemper,AC Pisa 1909,B,True,3.3,700x700,viso piccolo (figura intera)
525,Tommaso Guizzo,AC Pisa 1909,B,True,13.4,700x700,viso piccolo (figura intera)
526,Antonio Caracciolo,AC Pisa 1909,B,True,5.8,700x700,viso piccolo (figura intera)
527,Simone Canestrelli,AC Pisa 1909,B,True,3.4,700x700,viso piccolo (figura intera)
528,Arturo Calabresi,AC Pisa 1909,B,True,2.6,700x700,viso piccolo (figura intera)
529,Samuele Angori,AC Pisa 1909,B,True,3.9,700x700,viso piccolo (figura intera)
530,Felipe Loyola,AC Pisa 1909,B,True,8.9,700x700,viso piccolo (figura intera)
531,Francesco Coppola,AC Pisa 1909,B,True,4.5,700x700,viso piccolo (figura intera)
532,Raúl Albiol,AC Pisa 1909,B,True,5.4,700x700,viso piccolo (figura intera)
533,Rosen Bozhinov,AC Pisa 1909,B,True,14.5,700x700,viso piccolo (figura intera)
534,Daniel Denoon,AC Pisa 1909,B,True,10.3,700x700,viso piccolo (figura intera)
535,Mattéo Tramoni,AC Pisa 1909,B,True,2.6,700x700,viso piccolo (figura intera)
536,Mehdi Leris,AC Pisa 1909,B,True,7.1,700x700,viso piccolo (figura intera)
537,Marius Mihai Marin,AC Pisa 1909,B,True,2.5,700x700,viso piccolo (figura intera)
538,Malthe Hojholt,AC Pisa 1909,A,True,16.2,700x700,OK per avatar
539,Gabriele Piccinini,AC Pisa 1909,B,True,17.8,700x700,viso non in metà superiore
541,Daniel Battistella,AC Pisa 1909,A,True,16.2,700x700,OK per avatar
542,Stefano Moreo,AC Pisa 1909,B,True,3.0,700x700,viso piccolo (figura intera)
543,Idrissa Touré,AC Pisa 1909,B,True,4.1,700x700,viso piccolo (figura intera)
544,Samuel Iling-Junior,AC Pisa 1909,A,True,29.3,700x700,OK per avatar
545,Lorran,AC Pisa 1909,B,True,6.8,700x700,viso piccolo (figura intera)
547,Lorenzo Tosi,AC Pisa 1909,B,True,7.4,700x700,viso piccolo (figura intera)
548,Roberts Bočs,AC Pisa 1909,A,True,16.2,700x700,OK per avatar
549,Filip Stojilković,AC Pisa 1909,B,True,2.8,700x700,viso piccolo (figura intera)
550,Michel Aebischer,AC Pisa 1909,B,True,3.7,700x700,viso piccolo (figura intera)
551,Calvin Stengs,AC Pisa 1909,B,True,9.9,700x700,viso piccolo (figura intera)
552,Juan Cuadrado,AC Pisa 1909,B,True,8.2,700x700,viso piccolo (figura intera)
553,Matteo Luppichini,AC Pisa 1909,B,True,5.0,700x700,viso piccolo (figura intera)
554,Henrik Meister,AC Pisa 1909,B,True,6.8,700x700,viso piccolo (figura intera)
555,Ebenezer Akinsanmiro,AC Pisa 1909,B,True,4.3,700x700,viso piccolo (figura intera)
556,Isak Vural,AC Pisa 1909,B,True,3.2,700x700,viso piccolo (figura intera)
557,Alberto Paleari,Torino FC,B,True,9.0,700x700,viso piccolo (figura intera); viso non in metà superiore
558,Franco Israel,Torino FC,A,True,15.1,700x700,OK per avatar
559,Lapo Siviero,Torino FC,B,True,14.4,700x700,viso piccolo (figura intera)
560,João Pedro,Torino FC,C,False,0.0,700x700,nessun viso rilevato
561,Rafa Obrador,Torino FC,B,True,2.5,700x700,viso piccolo (figura intera)
562,Mattia Pellini,Torino FC,B,True,1.5,700x700,viso piccolo (figura intera)
563,Sergiu Perciun,Torino FC,B,True,2.3,700x700,viso piccolo (figura intera)
564,Wisdom Acquah,Torino FC,B,True,0.6,700x700,viso piccolo (figura intera)
565,Sandro Kulenović,Torino FC,B,True,7.4,700x700,viso piccolo (figura intera)
566,Tommaso Gabellini,Torino FC,B,True,13.4,700x700,viso piccolo (figura intera)
568,Saúl Coco,Torino FC,B,True,9.4,700x700,viso piccolo (figura intera)
569,Zakaria Aboukhlal,Torino FC,B,True,3.8,700x700,viso piccolo (figura intera)
570,Ivan Ilić,Torino FC,B,True,12.6,700x700,viso piccolo (figura intera)
571,Marcus Pedersen,Torino FC,B,True,2.7,700x700,viso piccolo (figura intera); viso non in metà superiore
572,Ardian Ismajli,Torino FC,B,True,13.8,700x700,viso piccolo (figura intera)
573,Adrien Tameze,Torino FC,B,True,1.2,700x700,viso piccolo (figura intera)
574,Nikola Vlašić,Torino FC,B,True,3.5,700x700,viso piccolo (figura intera)
575,Valentino Lazaro,Torino FC,B,True,9.0,700x700,viso piccolo (figura intera)
576,Che Adams,Torino FC,A,True,16.2,700x700,OK per avatar
577,Duván Zapata,Torino FC,B,True,1.7,700x700,viso piccolo (figura intera)
578,Adam Masina,Torino FC,B,True,5.2,700x700,viso piccolo (figura intera); viso non in metà superiore
579,Giovanni Simeone,Torino FC,B,True,3.5,700x700,viso piccolo (figura intera)
580,Cristiano Biraghi,Torino FC,B,True,5.5,700x700,viso piccolo (figura intera)
581,Enzo Ebosse,Torino FC,B,True,5.3,700x700,viso piccolo (figura intera)
582,Guillermo Maripán,Torino FC,B,True,10.7,700x700,viso piccolo (figura intera)
583,Alieu Njie,Torino FC,B,True,13.2,700x700,viso piccolo (figura intera)
584,Zannetos Savva,Torino FC,B,True,7.8,700x700,viso piccolo (figura intera)
585,Luca Marianucci,Torino FC,B,True,13.2,700x700,viso piccolo (figura intera)
586,Gvidas Gineitis,Torino FC,B,True,2.5,700x700,viso piccolo (figura intera)
587,Cesare Casadei,Torino FC,B,True,5.9,700x700,viso piccolo (figura intera)
588,Emirhan Ilkhan,Torino FC,A,True,15.7,700x700,OK per avatar
589,Matteo Prati,Torino FC,B,True,7.6,700x700,viso piccolo (figura intera)
590,Saba Sazonov,Torino FC,B,True,1.7,700x700,viso piccolo (figura intera); viso non in metà superiore
591,Niels Nkounkou,Torino FC,B,True,1.2,700x700,viso piccolo (figura intera)
592,Faustino Anjorin,Torino FC,A,True,19.5,700x700,OK per avatar
593,Christian Früchtl,US Lecce,B,True,3.4,700x700,viso piccolo (figura intera)
594,Wladimiro Falcone,US Lecce,B,True,2.6,700x700,viso piccolo (figura intera)
595,Jasper Samooja,US Lecce,B,True,5.8,700x700,viso piccolo (figura intera)
596,Plamen Penev,US Lecce,B,True,6.0,700x700,viso piccolo (figura intera)
597,Daniele Bleve,US Lecce,B,True,7.5,700x700,viso piccolo (figura intera)
599,Matías Pérez,US Lecce,B,True,5.4,700x700,viso piccolo (figura intera)
600,Omri Gandelman,US Lecce,B,True,3.4,700x700,viso piccolo (figura intera)
601,Alex Sala,US Lecce,B,True,3.9,700x700,viso piccolo (figura intera)
602,Olaf Gorter,US Lecce,B,True,5.4,700x700,viso piccolo (figura intera)
603,Niko Kovač,US Lecce,A,True,30.2,700x700,OK per avatar
604,Nikola Štulić,US Lecce,B,True,6.8,700x700,viso piccolo (figura intera)
605,Jamil Siebert,US Lecce,B,True,5.2,700x700,viso piccolo (figura intera)
606,Walid Cheddira,US Lecce,B,True,5.6,700x700,viso piccolo (figura intera)
607,Lameck Banda,US Lecce,B,True,2.8,700x700,viso piccolo (figura intera)
608,Corrie Ndaba,US Lecce,B,True,7.6,700x700,viso piccolo (figura intera)
609,Santiago Pierotti,US Lecce,A,True,28.9,700x700,OK per avatar
610,Gaby Jean,US Lecce,B,True,7.1,700x700,viso piccolo (figura intera)
611,Filip Marchwiński,US Lecce,B,True,9.6,700x700,viso piccolo (figura intera)
612,Antonino Gallo,US Lecce,B,True,0.4,700x700,viso piccolo (figura intera)
613,Ylber Ramadani,US Lecce,B,True,5.6,700x700,viso piccolo (figura intera)
614,Þórir Jóhann Helgason,US Lecce,B,True,0.9,700x700,viso piccolo (figura intera)
615,Lassana Coulibaly,US Lecce,B,True,1.6,700x700,viso piccolo (figura intera)
616,Riccardo Sottil,US Lecce,B,True,4.1,700x700,viso piccolo (figura intera)
617,Elijah Scott,US Lecce,B,True,11.2,700x700,viso piccolo (figura intera)
618,Tiago Gabriel,US Lecce,B,True,4.7,700x700,viso piccolo (figura intera)
619,Francesco Camarda,US Lecce,B,True,4.3,700x700,viso piccolo (figura intera)
620,Kialonda Gaspar,US Lecce,A,True,19.7,700x700,OK per avatar
621,Medon Berisha,US Lecce,B,True,4.4,700x700,viso piccolo (figura intera)
622,Danilo Veiga,US Lecce,B,True,5.7,700x700,viso piccolo (figura intera)
623,Oumar Ngom,US Lecce,B,True,25.1,700x700,viso non in metà superiore
624,Sadik Fofana,US Lecce,B,True,11.5,700x700,viso piccolo (figura intera)
625,Konan N'Dri,US Lecce,B,True,0.5,700x700,viso piccolo (figura intera); viso non in metà superiore
626,Mauro Vigorito,Como 1907,B,True,1.7,700x700,viso piccolo (figura intera)
627,Jean Butez,Como 1907,B,True,1.4,700x700,viso piccolo (figura intera)
628,Noel Törnqvist,Como 1907,B,True,3.5,700x700,viso piccolo (figura intera)
629,Nikola Čavlina,Como 1907,B,True,0.5,700x700,viso piccolo (figura intera)
630,Henrique Menke,Como 1907,B,True,13.6,700x700,viso piccolo (figura intera)
632,Martin Baturina,Como 1907,B,True,6.3,700x700,viso piccolo (figura intera)
633,Adrian Lahdo,Como 1907,B,True,4.6,700x700,viso piccolo (figura intera)
634,Lorenzo Bonsignori,Como 1907,A,True,17.5,700x700,OK per avatar
635,Matteo Papaccioli,Como 1907,B,True,5.0,700x700,viso piccolo (figura intera)
636,Samuele Pisati,Como 1907,A,True,25.4,700x700,OK per avatar
637,Nicolas Kühn,Como 1907,B,True,2.0,700x700,viso piccolo (figura intera)
638,Ignace Van Der Brempt,Como 1907,B,True,4.0,700x700,viso piccolo (figura intera)
639,Lucas Da Cunha,Como 1907,B,True,9.3,700x700,viso piccolo (figura intera)
640,Ivan Smolčić,Como 1907,A,True,28.2,700x700,OK per avatar
641,Maxence Caqueret,Como 1907,B,True,8.6,700x700,viso piccolo (figura intera)
642,Anastasios Douvikas,Como 1907,C,False,0.0,700x700,nessun viso rilevato
643,Sergi Roberto,Como 1907,B,True,3.1,700x700,viso piccolo (figura intera)
644,Marc-Oliver Kempf,Como 1907,C,False,0.0,700x700,nessun viso rilevato
645,Mërgim Vojvoda,Como 1907,B,True,0.6,700x700,viso piccolo (figura intera)
646,Diego Carlos,Como 1907,B,True,3.3,700x700,viso piccolo (figura intera)
647,Alberto Moreno,Como 1907,B,True,4.1,700x700,viso piccolo (figura intera); viso non in metà superiore
648,Álvaro Morata,Como 1907,B,True,4.0,700x700,viso piccolo (figura intera)
649,Edoardo Goldaniga,Como 1907,B,True,8.0,700x700,viso piccolo (figura intera)
650,Jesús Rodríguez,Como 1907,A,True,16.7,700x700,OK per avatar
651,Jacobo Ramón,Como 1907,B,True,4.8,700x700,viso piccolo (figura intera)
652,Giuseppe Mazzaglia,Como 1907,B,True,1.0,700x700,viso piccolo (figura intera)
653,Assane Diao,Como 1907,B,True,2.0,700x700,viso piccolo (figura intera); viso non in metà superiore
654,Nico Paz,Como 1907,B,True,9.1,700x700,viso piccolo (figura intera)
655,Alex Valle,Como 1907,A,True,22.5,700x700,OK per avatar
656,Maximo Perrone,Como 1907,B,True,8.6,700x700,viso piccolo (figura intera)
657,Jayden Addai,Como 1907,B,True,4.2,700x700,viso piccolo (figura intera)
